id,speed
0,47.54600143432617
1,47.211971282958984
2,39.18087387084961
3,32.45995330810547
4,40.378597259521484
5,26.664518356323242
6,20.841392517089844
7,49.06985092163086
8,47.79621887207031
9,31.294357299804688
10,27.294231414794922
11,21.72119903564453
12,21.87955665588379
13,21.6027889251709
14,25.147239685058594
15,39.41344451904297
16,40.13069534301758
17,43.23835754394531
18,48.04132843017578
19,47.84199523925781
20,46.314334869384766
21,43.432762145996094
22,19.482173919677734
23,26.091596603393555
24,24.8924560546875
25,20.83400535583496
26,21.295536041259766
27,19.70104217529297
28,16.090171813964844
29,14.054058074951172
30,25.078014373779297
31,44.81807327270508
32,48.42974090576172
33,28.602766036987305
34,25.018009185791016
35,23.949636459350586
36,20.951534271240234
37,21.378019332885742
38,45.65946578979492
39,41.34593200683594
40,44.38105773925781
41,47.81359100341797
42,48.450340270996094
43,44.50959396362305
44,20.452598571777344
45,18.78371810913086
46,19.32587432861328
47,12.573738098144531
48,44.84769821166992
49,47.97049331665039
50,48.065425872802734
51,24.293317794799805
52,22.086217880249023
53,20.638153076171875
54,19.846418380737305
55,19.468534469604492
56,16.775510787963867
57,15.453495025634766
58,26.131362915039062
59,33.8745002746582
60,41.560970306396484
61,41.13711929321289
62,41.618324279785156
63,42.0052375793457
64,43.48123550415039
65,48.119041442871094
66,47.563140869140625
67,45.96369171142578
68,42.939449310302734
69,25.325496673583984
70,21.302040100097656
71,20.827369689941406
72,16.857559204101562
73,17.042951583862305
74,14.702301025390625
75,8.023384094238281
76,42.89100646972656
77,36.83796310424805
78,43.10190963745117
79,47.026023864746094
80,11.25387954711914
81,13.969636917114258
82,20.523962020874023
83,15.534624099731445
84,13.463798522949219
85,10.254362106323242
86,19.40190315246582
87,36.675724029541016
88,45.25580978393555
89,40.382568359375
90,48.71699905395508
91,48.010066986083984
92,46.93693161010742
93,46.59160232543945
94,28.373727798461914
95,14.721291542053223
96,23.71975326538086
97,11.320868492126465
98,10.369081497192383
99,21.263818740844727
100,37.95560836791992
101,47.64279556274414
102,14.410035133361816
103,16.89634895324707
104,14.376785278320312
105,41.972084045410156
106,35.22583770751953
107,48.42477035522461
108,44.09425354003906
109,14.096793174743652
110,10.143132209777832
111,9.638279914855957
112,19.793710708618164
113,32.316246032714844
114,39.55998611450195
115,47.57093048095703
116,47.582550048828125
117,41.111900329589844
118,25.280620574951172
119,22.521398544311523
120,18.1506404876709
121,15.005592346191406
122,29.3089656829834
123,47.10969924926758
124,47.13372802734375
125,40.24279022216797
126,41.10750198364258
127,37.46821594238281
128,41.78968811035156
129,30.225831985473633
130,49.37782287597656
131,47.40348815917969
132,46.88761520385742
133,25.29193687438965
134,22.325424194335938
135,20.870235443115234
136,37.976531982421875
137,44.99726867675781
138,49.2512092590332
139,47.18138885498047
140,46.74126434326172
141,44.2064208984375
142,28.650190353393555
143,16.115116119384766
144,20.214815139770508
145,17.76114273071289
146,15.70093822479248
147,48.623695373535156
148,49.1320686340332
149,47.915828704833984
150,47.017120361328125
151,15.449057579040527
152,17.02327537536621
153,14.81361198425293
154,9.214656829833984
155,22.66435432434082
156,36.914337158203125
157,42.75596237182617
158,34.728607177734375
159,41.75442123413086
160,48.27821731567383
161,48.81703567504883
162,48.18706512451172
163,47.09056091308594
164,44.13915252685547
165,28.17951202392578
166,14.481400489807129
167,18.94490623474121
168,16.47848129272461
169,16.690568923950195
170,11.534645080566406
171,10.299856185913086
172,43.87437438964844
173,48.60041427612305
174,43.95965576171875
175,27.848060607910156
176,22.818180084228516
177,18.06148910522461
178,18.777883529663086
179,9.844355583190918
180,44.420066833496094
181,48.03178405761719
182,48.60000228881836
183,48.18703842163086
184,40.27568054199219
185,17.950817108154297
186,17.003318786621094
187,37.44102096557617
188,31.572158813476562
189,47.47976303100586
190,43.2989616394043
191,43.68861770629883
192,38.095272064208984
193,37.792381286621094
194,35.125850677490234
195,35.79611587524414
196,35.68377685546875
197,41.259857177734375
198,37.34052658081055
199,48.727325439453125
200,47.537906646728516
201,27.79851722717285
202,24.67216682434082
203,18.57320785522461
204,17.202924728393555
205,17.818326950073242
206,37.946693420410156
207,38.8144645690918
208,48.024654388427734
209,48.450462341308594
210,47.21622085571289
211,46.25615310668945
212,27.90534210205078
213,14.82678508758545
214,23.137971878051758
215,22.23688507080078
216,15.06949234008789
217,20.06795310974121
218,43.491355895996094
219,47.53056335449219
220,46.610252380371094
221,44.451839447021484
222,28.663854598999023
223,15.968221664428711
224,11.080702781677246
225,21.986085891723633
226,41.44878005981445
227,48.152767181396484
228,15.504617691040039
229,22.336578369140625
230,17.008869171142578
231,16.08291244506836
232,41.64084243774414
233,47.925445556640625
234,46.88867950439453
235,17.4935359954834
236,22.70078468322754
237,20.983678817749023
238,20.13861656188965
239,43.492374420166016
240,38.73588562011719
241,41.80198287963867
242,48.00869369506836
243,49.111175537109375
244,48.14797592163086
245,48.47292709350586
246,25.508268356323242
247,22.288105010986328
248,20.68024444580078
249,19.15007972717285
250,18.346044540405273
251,30.354848861694336
252,41.5311393737793
253,31.339998245239258
254,32.147865295410156
255,46.701438903808594
256,46.824520111083984
257,45.53834915161133
258,44.72758102416992
259,40.0190544128418
260,39.59613037109375
261,36.89548873901367
262,37.676963806152344
263,42.223445892333984
264,30.823396682739258
265,38.190757751464844
266,48.15591049194336
267,43.75294494628906
268,17.24703025817871
269,20.99350929260254
270,18.26032257080078
271,18.332401275634766
272,16.987154006958008
273,13.167901992797852
274,44.236839294433594
275,47.39430618286133
276,47.5643196105957
277,46.29709243774414
278,28.184831619262695
279,14.534923553466797
280,16.42839813232422
281,22.47471809387207
282,21.35065269470215
283,15.291131973266602
284,12.040196418762207
285,10.368492126464844
286,47.32858657836914
287,47.361324310302734
288,11.405843734741211
289,16.123563766479492
290,14.608643531799316
291,10.884800910949707
292,10.299874305725098
293,20.102243423461914
294,44.25545120239258
295,49.22624969482422
296,48.676265716552734
297,32.433006286621094
298,21.339452743530273
299,30.928462982177734
300,24.132036209106445
301,20.180112838745117
302,22.804174423217773
303,43.75457763671875
304,42.79695129394531
305,48.59010696411133
306,47.762603759765625
307,48.06479263305664
308,44.44074630737305
309,30.720165252685547
310,21.841045379638672
311,11.489977836608887
312,43.635353088378906
313,38.096065521240234
314,43.41837692260742
315,48.23246765136719
316,45.93815612792969
317,38.906890869140625
318,34.71822738647461
319,36.117740631103516
320,45.18607711791992
321,46.46725082397461
322,46.27790451049805
323,44.73393249511719
324,45.458526611328125
325,43.82323455810547
326,45.31562042236328
327,42.64011764526367
328,42.46010208129883
329,37.975982666015625
330,37.88523864746094
331,41.607147216796875
332,43.443180084228516
333,36.15374755859375
334,35.53732681274414
335,43.71723175048828
336,46.96079635620117
337,46.96704864501953
338,15.794699668884277
339,21.253952026367188
340,21.19969940185547
341,21.58171272277832
342,43.66731262207031
343,43.76918029785156
344,48.719669342041016
345,47.903995513916016
346,46.87324523925781
347,17.938949584960938
348,37.734161376953125
349,49.19091796875
350,48.25760269165039
351,47.519317626953125
352,30.467504501342773
353,16.559585571289062
354,25.096139907836914
355,18.580392837524414
356,16.404457092285156
357,23.0574951171875
358,39.00566482543945
359,44.381038665771484
360,41.3210334777832
361,49.467079162597656
362,17.379770278930664
363,26.27901840209961
364,18.954830169677734
365,16.84346580505371
366,12.163718223571777
367,22.020103454589844
368,44.021881103515625
369,49.239601135253906
370,48.06800842285156
371,46.88421630859375
372,46.61658477783203
373,21.670583724975586
374,22.115320205688477
375,11.627809524536133
376,22.39865493774414
377,38.512569427490234
378,42.90220260620117
379,48.54594802856445
380,30.029680252075195
381,19.851518630981445
382,17.683382034301758
383,32.901100158691406
384,47.803367614746094
385,47.077049255371094
386,46.7178955078125
387,44.14360809326172
388,41.89463424682617
389,39.921363830566406
390,37.966712951660156
391,35.26445388793945
392,48.21373748779297
393,49.033287048339844
394,47.20480728149414
395,16.98101043701172
396,18.986982345581055
397,25.097991943359375
398,24.025068283081055
399,17.747936248779297
400,11.561624526977539
401,36.97868728637695
402,36.71345520019531
403,48.26240158081055
404,46.920562744140625
405,44.594268798828125
406,29.894546508789062
407,19.330284118652344
408,21.46862030029297
409,18.878803253173828
410,17.515602111816406
411,11.888598442077637
412,44.43941879272461
413,37.95513153076172
414,43.210689544677734
415,48.45671081542969
416,47.93769073486328
417,47.475852966308594
418,47.05318832397461
419,29.406665802001953
420,16.029056549072266
421,9.939247131347656
422,43.74020004272461
423,35.32244110107422
424,48.86982727050781
425,49.23432159423828
426,45.38538360595703
427,28.175628662109375
428,23.115854263305664
429,38.24734878540039
430,41.14330291748047
431,46.061668395996094
432,46.96566390991211
433,44.203067779541016
434,29.671720504760742
435,31.3579158782959
436,25.969181060791016
437,23.350839614868164
438,45.68333053588867
439,47.71181869506836
440,47.88031005859375
441,42.347511291503906
442,40.98234176635742
443,39.865657806396484
444,37.68437957763672
445,42.39595413208008
446,36.34239959716797
447,43.53464126586914
448,47.58348083496094
449,46.74972915649414
450,45.440513610839844
451,43.11613464355469
452,42.21404266357422
453,42.29206085205078
454,42.192073822021484
455,41.004478454589844
456,39.84290313720703
457,44.218990325927734
458,47.21501541137695
459,48.635894775390625
460,37.552650451660156
461,26.0164737701416
462,27.04144287109375
463,26.55786895751953
464,32.106605529785156
465,38.6432991027832
466,48.72443389892578
467,49.29591751098633
468,47.684837341308594
469,45.92549133300781
470,20.4816951751709
471,23.926435470581055
472,22.64691925048828
473,20.25616455078125
474,15.386796951293945
475,23.290054321289062
476,47.79612350463867
477,45.4695930480957
478,28.209543228149414
479,22.84844970703125
480,20.463912963867188
481,18.41826820373535
482,23.75305938720703
483,47.306732177734375
484,46.68025207519531
485,46.325889587402344
486,29.933374404907227
487,26.24588394165039
488,23.764408111572266
489,15.341521263122559
490,13.85614013671875
491,38.327083587646484
492,44.24223327636719
493,47.91069030761719
494,47.93100357055664
495,46.875736236572266
496,20.597557067871094
497,27.81234359741211
498,38.234588623046875
499,49.2096061706543
500,48.816036224365234
501,49.18686294555664
502,49.07430648803711
503,48.53557586669922
504,31.118946075439453
505,29.753206253051758
506,24.306726455688477
507,23.22591209411621
508,22.29009437561035
509,42.47908020019531
510,47.709224700927734
511,47.842044830322266
512,47.468204498291016
513,46.6211051940918
514,44.184539794921875
515,43.5164794921875
516,43.276771545410156
517,41.174217224121094
518,47.8304557800293
519,46.986854553222656
520,18.99403190612793
521,25.209857940673828
522,19.776649475097656
523,19.432220458984375
524,13.885834693908691
525,45.0095100402832
526,48.3896484375
527,48.65402603149414
528,47.27752685546875
529,30.136661529541016
530,19.6037540435791
531,21.54909324645996
532,18.945781707763672
533,15.04433822631836
534,14.005549430847168
535,46.66996383666992
536,28.181957244873047
537,17.82072639465332
538,18.06403923034668
539,18.630708694458008
540,13.185537338256836
541,12.013041496276855
542,45.350650787353516
543,42.16077423095703
544,48.082054138183594
545,44.74088668823242
546,14.693343162536621
547,19.565311431884766
548,20.15889549255371
549,19.52010154724121
550,16.61964988708496
551,38.36830520629883
552,44.104225158691406
553,48.12007522583008
554,47.46841049194336
555,44.30835723876953
556,28.407695770263672
557,18.398670196533203
558,23.935691833496094
559,23.17595863342285
560,19.256763458251953
561,20.224376678466797
562,19.343929290771484
563,18.01462745666504
564,15.068323135375977
565,12.335793495178223
566,45.180877685546875
567,40.64867401123047
568,44.11449432373047
569,48.600181579589844
570,48.42183303833008
571,31.778823852539062
572,42.46455383300781
573,46.082637786865234
574,46.46278762817383
575,46.85801315307617
576,47.098724365234375
577,43.102745056152344
578,40.40542221069336
579,43.81359100341797
580,44.619895935058594
581,37.4129753112793
582,48.00899124145508
583,48.26931381225586
584,15.2381591796875
585,17.50885581970215
586,24.148662567138672
587,23.696359634399414
588,19.11823844909668
589,17.399757385253906
590,18.373607635498047
591,17.66489028930664
592,44.61728286743164
593,48.305877685546875
594,48.62424850463867
595,46.35860824584961
596,43.834442138671875
597,28.210824966430664
598,22.852041244506836
599,17.67654800415039
600,12.216020584106445
601,47.609947204589844
602,47.1575927734375
603,44.494747161865234
604,15.42850112915039
605,19.06223487854004
606,39.800106048583984
607,41.29774475097656
608,46.64824676513672
609,47.18556594848633
610,46.179168701171875
611,45.14022445678711
612,41.69446563720703
613,13.976922988891602
614,19.52825927734375
615,14.73728084564209
616,13.395302772521973
617,14.856425285339355
618,10.997389793395996
619,19.10043716430664
620,41.9898681640625
621,50.06381607055664
622,49.50598907470703
623,48.17704391479492
624,45.06096649169922
625,28.912452697753906
626,18.82451057434082
627,16.82644271850586
628,17.797460556030273
629,11.509516716003418
630,21.988967895507812
631,49.43165588378906
632,48.5665168762207
633,46.7930793762207
634,41.73980712890625
635,26.08820915222168
636,21.280622482299805
637,48.08352279663086
638,48.235111236572266
639,47.85905838012695
640,42.04386901855469
641,41.58636474609375
642,41.75638961791992
643,39.95933151245117
644,37.7274169921875
645,40.15797424316406
646,39.44217300415039
647,48.30434799194336
648,48.7415657043457
649,47.0060920715332
650,44.31150817871094
651,15.737408638000488
652,16.848777770996094
653,11.613760948181152
654,23.972553253173828
655,48.37833786010742
656,48.835166931152344
657,48.24603271484375
658,46.96418762207031
659,46.56230926513672
660,44.19172286987305
661,17.363544464111328
662,23.131126403808594
663,17.196720123291016
664,18.041109085083008
665,16.69893455505371
666,15.429611206054688
667,10.512842178344727
668,44.56593322753906
669,38.07192611694336
670,42.42457962036133
671,46.689517974853516
672,43.94203567504883
673,21.804187774658203
674,17.253881454467773
675,35.15974044799805
676,48.52090835571289
677,48.04493713378906
678,46.6158332824707
679,14.054393768310547
680,22.48248863220215
681,17.781341552734375
682,17.170141220092773
683,15.948781967163086
684,44.456199645996094
685,47.856929779052734
686,47.241188049316406
687,46.7415657043457
688,44.00513458251953
689,26.59978675842285
690,15.40673828125
691,20.80526351928711
692,16.148088455200195
693,15.32168960571289
694,48.69445037841797
695,47.98375701904297
696,40.853797912597656
697,27.73280143737793
698,24.198394775390625
699,19.513961791992188
700,17.413000106811523
701,17.458688735961914
702,37.475006103515625
703,46.11646270751953
704,47.93437576293945
705,47.933815002441406
706,47.50093078613281
707,46.55033874511719
708,41.38913345336914
709,41.798282623291016
710,40.30219268798828
711,40.552886962890625
712,40.61684036254883
713,40.08658218383789
714,36.58607864379883
715,44.23181915283203
716,37.97352981567383
717,44.501014709472656
718,46.977291107177734
719,27.530317306518555
720,16.348114013671875
721,11.758959770202637
722,10.243989944458008
723,44.24506378173828
724,43.53169631958008
725,47.189815521240234
726,46.77119064331055
727,27.962520599365234
728,17.243520736694336
729,16.250123977661133
730,10.980175971984863
731,42.203861236572266
732,47.464393615722656
733,48.20902633666992
734,43.08113479614258
735,11.557004928588867
736,14.44388484954834
737,13.221353530883789
738,13.008974075317383
739,8.259517669677734
740,35.386234283447266
741,42.60527420043945
742,48.287078857421875
743,48.61196517944336
744,48.3942985534668
745,27.74842071533203
746,15.871708869934082
747,20.331382751464844
748,19.627824783325195
749,16.324186325073242
750,15.094311714172363
751,15.874740600585938
752,43.44131851196289
753,48.66193389892578
754,48.20848083496094
755,47.137508392333984
756,46.73319625854492
757,16.39938735961914
758,18.538286209106445
759,16.54866600036621
760,16.557024002075195
761,12.16014289855957
762,23.51104736328125
763,44.07756042480469
764,36.389503479003906
765,42.744503021240234
766,48.79269027709961
767,47.89345169067383
768,40.92253494262695
769,18.94748306274414
770,18.024005889892578
771,17.541542053222656
772,30.31203269958496
773,47.26836013793945
774,47.368221282958984
775,47.32583999633789
776,46.9536018371582
777,46.19275665283203
778,39.766056060791016
779,38.12861251831055
780,48.32404327392578
781,48.79020309448242
782,47.14402389526367
783,12.883439064025879
784,15.232108116149902
785,16.339014053344727
786,15.451438903808594
787,15.905936241149902
788,9.81766414642334
789,22.427574157714844
790,48.32852554321289
791,48.807212829589844
792,47.5240478515625
793,48.18586730957031
794,20.90287208557129
795,20.012126922607422
796,16.37027931213379
797,9.697375297546387
798,22.506732940673828
799,46.70869827270508
800,27.482152938842773
801,13.03366756439209
802,17.01386833190918
803,15.035547256469727
804,14.146161079406738
805,10.249295234680176
806,34.61912536621094
807,43.23480224609375
808,48.570281982421875
809,47.73360061645508
810,47.23679733276367
811,46.821678161621094
812,27.98298454284668
813,13.137124061584473
814,21.26906394958496
815,19.595550537109375
816,17.185653686523438
817,42.55318832397461
818,35.416717529296875
819,49.462223052978516
820,47.855167388916016
821,34.18354797363281
822,37.99225997924805
823,27.688396453857422
824,26.624149322509766
825,26.63309097290039
826,47.94407653808594
827,47.9905891418457
828,40.52088928222656
829,37.33803176879883
830,37.049076080322266
831,35.94428634643555
832,43.2946891784668
833,43.7884407043457
834,47.65811538696289
835,47.80740737915039
836,44.399078369140625
837,42.63224792480469
838,39.441749572753906
839,38.77711868286133
840,48.9367790222168
841,49.118465423583984
842,48.253990173339844
843,38.261680603027344
844,28.586938858032227
845,24.07811164855957
846,34.61439895629883
847,38.55671691894531
848,48.37324905395508
849,48.525386810302734
850,48.153167724609375
851,17.60704803466797
852,24.218643188476562
853,22.368051528930664
854,20.12555503845215
855,20.760595321655273
856,16.65712547302246
857,39.60407638549805
858,44.61256408691406
859,48.33838653564453
860,47.90016555786133
861,47.524940490722656
862,15.670170783996582
863,23.862045288085938
864,20.642885208129883
865,19.335956573486328
866,23.83098602294922
867,46.458702087402344
868,41.96405029296875
869,48.44316864013672
870,47.26247787475586
871,33.62404251098633
872,28.146650314331055
873,23.18598175048828
874,42.9239501953125
875,45.12037658691406
876,48.86113739013672
877,48.49586868286133
878,47.24262237548828
879,19.01515769958496
880,12.361896514892578
881,10.550576210021973
882,21.3230037689209
883,44.7483024597168
884,39.57577896118164
885,48.096519470214844
886,48.829063415527344
887,48.06734085083008
888,48.54426956176758
889,48.081260681152344
890,41.91363525390625
891,25.79501724243164
892,21.90345001220703
893,21.439109802246094
894,36.79888916015625
895,48.06438446044922
896,44.43608856201172
897,42.75843811035156
898,42.814605712890625
899,41.449886322021484
900,45.44725036621094
901,48.79495620727539
902,47.62972640991211
903,27.939470291137695
904,14.28034782409668
905,17.35094451904297
906,21.973506927490234
907,18.168256759643555
908,16.323348999023438
909,11.945990562438965
910,35.25837326049805
911,42.997276306152344
912,47.849082946777344
913,47.40840148925781
914,47.048011779785156
915,23.31674575805664
916,23.172861099243164
917,17.65241813659668
918,18.26187515258789
919,12.492834091186523
920,47.34841537475586
921,48.185768127441406
922,47.19423294067383
923,14.351912498474121
924,23.074420928955078
925,22.25969696044922
926,16.12706756591797
927,17.11743927001953
928,11.85603141784668
929,10.524590492248535
930,21.374427795410156
931,36.35996627807617
932,44.592655181884766
933,47.57712936401367
934,15.454303741455078
935,18.223064422607422
936,17.724105834960938
937,16.146699905395508
938,11.886557579040527
939,20.720705032348633
940,44.942447662353516
941,48.21649932861328
942,48.16111373901367
943,47.24177551269531
944,46.95135498046875
945,28.230134963989258
946,14.799060821533203
947,23.846412658691406
948,22.613967895507812
949,16.54930305480957
950,43.19721221923828
951,47.70869064331055
952,48.6228141784668
953,46.629642486572266
954,40.3963623046875
955,22.10791778564453
956,23.363224029541016
957,16.020111083984375
958,37.73075866699219
959,32.64884567260742
960,46.35064697265625
961,47.76362228393555
962,48.0408821105957
963,46.550567626953125
964,45.47758102416992
965,44.67589569091797
966,44.33906936645508
967,42.72847366333008
968,42.087486267089844
969,42.555389404296875
970,36.94379425048828
971,38.22132110595703
972,47.61564636230469
973,14.633657455444336
974,17.407697677612305
975,22.702938079833984
976,17.49064826965332
977,15.821399688720703
978,15.363211631774902
979,11.685832023620605
980,10.442230224609375
981,20.95625114440918
982,43.77340316772461
983,48.182796478271484
984,48.87437438964844
985,46.88553237915039
986,23.459413528442383
987,16.06405258178711
988,14.65565299987793
989,10.117948532104492
990,37.17469787597656
991,44.6266975402832
992,48.65427780151367
993,47.72361373901367
994,47.00387954711914
995,46.67102813720703
996,28.032480239868164
997,14.969202995300293
998,17.790069580078125
999,22.63157844543457
1000,17.784400939941406
1001,16.201915740966797
1002,16.909080505371094
1003,11.184797286987305
1004,19.695528030395508
1005,43.804344177246094
1006,48.09486770629883
1007,46.64472961425781
1008,44.600101470947266
1009,28.031917572021484
1010,17.524099349975586
1011,18.0065860748291
1012,11.622237205505371
1013,10.538704872131348
1014,43.390384674072266
1015,48.2913818359375
1016,47.171688079833984
1017,28.05384635925293
1018,18.317705154418945
1019,24.671445846557617
1020,16.59974479675293
1021,17.294769287109375
1022,10.32606029510498
1023,35.818580627441406
1024,44.708858489990234
1025,39.77632141113281
1026,48.29987716674805
1027,28.325300216674805
1028,19.413843154907227
1029,17.992029190063477
1030,18.36722755432129
1031,19.281558990478516
1032,18.236337661743164
1033,41.143795013427734
1034,39.911964416503906
1035,45.705841064453125
1036,47.18843460083008
1037,47.38249969482422
1038,43.5781364440918
1039,41.08780288696289
1040,40.46474838256836
1041,39.66724395751953
1042,38.644378662109375
1043,36.894195556640625
1044,44.25617980957031
1045,37.895259857177734
1046,37.618873596191406
1047,48.276702880859375
1048,47.57481384277344
1049,47.33578109741211
1050,28.63751792907715
1051,23.22124481201172
1052,18.03820037841797
1053,10.47145938873291
1054,43.73013687133789
1055,48.33382797241211
1056,48.220909118652344
1057,46.78487014770508
1058,44.30292892456055
1059,13.809765815734863
1060,22.682235717773438
1061,17.47319221496582
1062,10.516357421875
1063,35.012939453125
1064,43.84861373901367
1065,39.3687858581543
1066,48.73920822143555
1067,47.77200698852539
1068,48.317745208740234
1069,47.20181655883789
1070,46.797786712646484
1071,44.85960006713867
1072,14.911377906799316
1073,16.72193717956543
1074,15.246301651000977
1075,19.558570861816406
1076,35.46609878540039
1077,48.376155853271484
1078,44.17719650268555
1079,13.374156951904297
1080,16.37252426147461
1081,15.993284225463867
1082,15.06355094909668
1083,10.786797523498535
1084,44.54766845703125
1085,39.90367126464844
1086,43.4000129699707
1087,47.063804626464844
1088,18.041357040405273
1089,11.55673885345459
1090,39.87541198730469
1091,43.72884750366211
1092,48.291988372802734
1093,48.05292510986328
1094,46.39278030395508
1095,40.77861785888672
1096,27.099853515625
1097,23.37196159362793
1098,16.214031219482422
1099,17.689477920532227
1100,16.823373794555664
1101,29.262697219848633
1102,38.89475631713867
1103,38.426517486572266
1104,34.23087692260742
1105,35.30781173706055
1106,47.71553039550781
1107,47.513633728027344
1108,43.05695343017578
1109,39.186100006103516
1110,39.715980529785156
1111,38.47451400756836
1112,37.20683670043945
1113,43.21041488647461
1114,44.03104782104492
1115,48.612457275390625
1116,47.64754104614258
1117,46.86085510253906
1118,24.19731903076172
1119,22.6757755279541
1120,37.12188720703125
1121,39.97685623168945
1122,43.931419372558594
1123,48.99452209472656
1124,45.56023025512695
1125,29.08297348022461
1126,27.53553009033203
1127,26.693668365478516
1128,32.19924545288086
1129,37.532588958740234
1130,44.84122085571289
1131,48.49586868286133
1132,46.28183364868164
1133,44.024253845214844
1134,28.070945739746094
1135,17.275964736938477
1136,19.186403274536133
1137,18.18687629699707
1138,18.275381088256836
1139,11.98867130279541
1140,43.731292724609375
1141,38.637451171875
1142,48.567501068115234
1143,48.97392272949219
1144,47.161354064941406
1145,28.46463966369629
1146,19.598440170288086
1147,20.360492706298828
1148,46.41861343383789
1149,44.0821647644043
1150,15.082618713378906
1151,24.694541931152344
1152,24.036029815673828
1153,20.237808227539062
1154,20.579256057739258
1155,14.662468910217285
1156,12.295190811157227
1157,22.383522033691406
1158,37.76094436645508
1159,40.498573303222656
1160,48.29920959472656
1161,47.40191650390625
1162,48.022361755371094
1163,47.84507751464844
1164,27.812816619873047
1165,21.233699798583984
1166,21.523000717163086
1167,20.0286922454834
1168,45.79194259643555
1169,47.25455856323242
1170,45.970577239990234
1171,41.81586456298828
1172,34.971675872802734
1173,36.11278533935547
1174,44.10818099975586
1175,47.511356353759766
1176,47.40531921386719
1177,28.254230499267578
1178,15.026103973388672
1179,18.04009437561035
1180,18.022062301635742
1181,17.82364273071289
1182,12.420814514160156
1183,45.898101806640625
1184,44.180885314941406
1185,46.72235107421875
1186,45.38265609741211
1187,45.149566650390625
1188,24.601909637451172
1189,16.050851821899414
1190,15.071263313293457
1191,15.962898254394531
1192,37.5283088684082
1193,45.59407043457031
1194,47.086570739746094
1195,45.89570236206055
1196,45.56534957885742
1197,43.047088623046875
1198,24.863235473632812
1199,41.4615592956543
1200,47.4152946472168
1201,47.1035270690918
1202,42.053932189941406
1203,14.510998725891113
1204,20.385854721069336
1205,16.07135009765625
1206,16.826120376586914
1207,10.095375061035156
1208,19.58982276916504
1209,39.197349548339844
1210,46.881805419921875
1211,44.58351516723633
1212,18.974042892456055
1213,19.438518524169922
1214,18.72519874572754
1215,16.48273468017578
1216,47.69013214111328
1217,48.28755569458008
1218,47.944419860839844
1219,41.163143157958984
1220,23.76609230041504
1221,19.47550392150879
1222,18.08380126953125
1223,18.22962760925293
1224,18.21822166442871
1225,16.893169403076172
1226,16.59625244140625
1227,40.36252975463867
1228,34.58816909790039
1229,35.3264274597168
1230,47.71176528930664
1231,47.67392349243164
1232,41.13248062133789
1233,40.7872314453125
1234,39.87455749511719
1235,48.44294738769531
1236,14.531094551086426
1237,18.811010360717773
1238,17.19317626953125
1239,11.877387046813965
1240,19.205860137939453
1241,43.980838775634766
1242,38.585819244384766
1243,42.901912689208984
1244,48.6419563293457
1245,46.92334747314453
1246,16.614974975585938
1247,23.685056686401367
1248,22.68470001220703
1249,11.105291366577148
1250,44.51079559326172
1251,48.76795196533203
1252,47.65696334838867
1253,47.013118743896484
1254,23.65453338623047
1255,16.317249298095703
1256,16.71857261657715
1257,37.2086296081543
1258,48.25655746459961
1259,46.823768615722656
1260,46.61992263793945
1261,44.507076263427734
1262,27.704341888427734
1263,23.601470947265625
1264,17.020206451416016
1265,17.456897735595703
1266,16.202125549316406
1267,16.75013542175293
1268,19.615394592285156
1269,48.34712600708008
1270,47.80294418334961
1271,48.28980255126953
1272,45.131935119628906
1273,14.858057022094727
1274,17.17621421813965
1275,17.177627563476562
1276,16.51300048828125
1277,11.49268627166748
1278,18.683496475219727
1279,34.41984176635742
1280,43.15303039550781
1281,41.14142990112305
1282,48.29347610473633
1283,48.23421096801758
1284,47.02201843261719
1285,26.556447982788086
1286,28.979248046875
1287,19.317928314208984
1288,18.662517547607422
1289,17.798227310180664
1290,35.228633880615234
1291,48.33443069458008
1292,48.02690887451172
1293,43.13153839111328
1294,40.95671463012695
1295,40.29193878173828
1296,39.580875396728516
1297,36.47218704223633
1298,44.320770263671875
1299,47.960201263427734
1300,47.10978317260742
1301,45.008907318115234
1302,22.6790771484375
1303,11.681778907775879
1304,20.66583824157715
1305,47.28059768676758
1306,48.27993392944336
1307,47.95173645019531
1308,47.75892639160156
1309,37.91763687133789
1310,31.975175857543945
1311,34.082435607910156
1312,26.18407440185547
1313,25.14232063293457
1314,19.03268814086914
1315,31.990276336669922
1316,39.477638244628906
1317,40.51346969604492
1318,45.32279586791992
1319,47.84610366821289
1320,47.156097412109375
1321,44.77805709838867
1322,16.31967544555664
1323,15.027316093444824
1324,15.701342582702637
1325,20.091432571411133
1326,48.48955535888672
1327,24.413381576538086
1328,18.61977767944336
1329,16.32196807861328
1330,16.904069900512695
1331,11.61217212677002
1332,20.165977478027344
1333,35.432411193847656
1334,38.83055114746094
1335,48.22690200805664
1336,47.11463165283203
1337,45.14523696899414
1338,17.337156295776367
1339,17.858116149902344
1340,16.596391677856445
1341,15.9664945602417
1342,48.98101043701172
1343,48.99286651611328
1344,41.647674560546875
1345,28.681842803955078
1346,28.09625244140625
1347,19.549875259399414
1348,18.278461456298828
1349,40.58907699584961
1350,39.904945373535156
1351,42.86054229736328
1352,41.577247619628906
1353,39.8701057434082
1354,39.225589752197266
1355,37.07112121582031
1356,43.169342041015625
1357,36.910343170166016
1358,48.548797607421875
1359,28.628957748413086
1360,26.624326705932617
1361,24.401668548583984
1362,17.64600944519043
1363,15.389216423034668
1364,17.56812858581543
1365,13.559820175170898
1366,12.035015106201172
1367,37.20039367675781
1368,47.45256805419922
1369,27.913789749145508
1370,24.693933486938477
1371,16.378738403320312
1372,10.460741996765137
1373,38.46757125854492
1374,46.44453811645508
1375,47.73513412475586
1376,47.94443130493164
1377,28.57617950439453
1378,17.987730026245117
1379,38.71921920776367
1380,43.16276931762695
1381,46.816341400146484
1382,18.258602142333984
1383,11.7382173538208
1384,35.43618392944336
1385,43.95914840698242
1386,42.62917709350586
1387,47.65044021606445
1388,47.92893600463867
1389,45.07339096069336
1390,15.053017616271973
1391,17.718069076538086
1392,23.04656219482422
1393,15.195104598999023
1394,15.558080673217773
1395,12.806652069091797
1396,41.58938217163086
1397,48.92112731933594
1398,48.27530288696289
1399,48.916412353515625
1400,24.253761291503906
1401,23.846221923828125
1402,47.24875259399414
1403,46.9150276184082
1404,45.82218933105469
1405,44.383113861083984
1406,42.65473556518555
1407,44.110328674316406
1408,44.08030319213867
1409,42.484130859375
1410,43.49953079223633
1411,45.00672912597656
1412,47.44989776611328
1413,47.43093490600586
1414,12.840824127197266
1415,24.051380157470703
1416,37.89486312866211
1417,46.83788299560547
1418,45.70124053955078
1419,45.32598876953125
1420,16.380001068115234
1421,21.75381088256836
1422,21.572179794311523
1423,18.59848976135254
1424,17.77167510986328
1425,13.371788024902344
1426,11.232222557067871
1427,21.279727935791016
1428,35.7232666015625
1429,46.2464599609375
1430,46.808738708496094
1431,44.55388641357422
1432,44.10139083862305
1433,40.33696365356445
1434,20.570476531982422
1435,18.827434539794922
1436,19.96888542175293
1437,18.20419692993164
1438,12.959871292114258
1439,19.745784759521484
1440,34.12799835205078
1441,43.21834945678711
1442,47.21782302856445
1443,45.396888732910156
1444,41.7155647277832
1445,24.705596923828125
1446,18.633665084838867
1447,42.63056945800781
1448,45.859066009521484
1449,41.083560943603516
1450,25.599645614624023
1451,12.613957405090332
1452,16.025880813598633
1453,18.10944366455078
1454,11.348323822021484
1455,40.21721649169922
1456,42.74782943725586
1457,48.33622741699219
1458,47.5994873046875
1459,46.057518005371094
1460,25.401914596557617
1461,18.544767379760742
1462,18.351179122924805
1463,38.90390396118164
1464,46.31121063232422
1465,48.01192092895508
1466,47.89247131347656
1467,46.420867919921875
1468,43.69586181640625
1469,42.9444465637207
1470,41.873783111572266
1471,41.73853302001953
1472,47.768043518066406
1473,46.65581130981445
1474,13.620383262634277
1475,16.84282112121582
1476,16.931320190429688
1477,10.978214263916016
1478,35.741798400878906
1479,39.16252899169922
1480,47.108882904052734
1481,45.9365348815918
1482,45.66887283325195
1483,25.699621200561523
1484,20.54360008239746
1485,19.673938751220703
1486,17.41973304748535
1487,15.663893699645996
1488,10.991043090820312
1489,9.580328941345215
1490,20.591543197631836
1491,35.63590621948242
1492,45.80186080932617
1493,43.10224533081055
1494,42.62330627441406
1495,37.139434814453125
1496,18.000133514404297
1497,16.995264053344727
1498,16.9768009185791
1499,10.400308609008789
1500,19.424579620361328
1501,32.44056701660156
1502,41.00209045410156
1503,48.07612609863281
1504,46.89784240722656
1505,44.83154296875
1506,15.491079330444336
1507,18.33049964904785
1508,17.676450729370117
1509,17.4534912109375
1510,16.578401565551758
1511,12.06951904296875
1512,10.96865177154541
1513,35.70704650878906
1514,44.818382263183594
1515,39.87777328491211
1516,44.04202651977539
1517,22.033058166503906
1518,9.778096199035645
1519,34.2064323425293
1520,41.14873504638672
1521,47.40488052368164
1522,45.96686935424805
1523,25.638513565063477
1524,23.750869750976562
1525,19.542966842651367
1526,19.344444274902344
1527,18.716228485107422
1528,38.83533477783203
1529,33.55119323730469
1530,44.35137939453125
1531,46.635887145996094
1532,40.24433898925781
1533,39.90158462524414
1534,43.40825271606445
1535,42.35389709472656
1536,36.06663131713867
1537,48.305728912353516
1538,48.1539192199707
1539,48.41701889038086
1540,47.2011833190918
1541,45.0439453125
1542,31.730310440063477
1543,26.471284866333008
1544,27.0045223236084
1545,26.882591247558594
1546,25.206512451171875
1547,36.72181701660156
1548,47.690635681152344
1549,48.206417083740234
1550,47.467803955078125
1551,44.560359954833984
1552,28.141172409057617
1553,21.035459518432617
1554,16.918270111083984
1555,15.43014907836914
1556,9.731805801391602
1557,19.540748596191406
1558,34.02676010131836
1559,47.02131652832031
1560,47.7592658996582
1561,46.79730987548828
1562,46.62250900268555
1563,14.35610294342041
1564,22.398496627807617
1565,11.340444564819336
1566,9.679654121398926
1567,19.227649688720703
1568,42.96181106567383
1569,47.22247314453125
1570,21.689058303833008
1571,20.58751106262207
1572,16.257713317871094
1573,16.00894546508789
1574,10.068863868713379
1575,19.866361618041992
1576,42.098670959472656
1577,42.16310501098633
1578,46.97002029418945
1579,47.15829086303711
1580,45.95302963256836
1581,44.04327392578125
1582,25.73737144470215
1583,19.830284118652344
1584,14.680781364440918
1585,9.819540977478027
1586,34.10003662109375
1587,42.52167510986328
1588,37.37044143676758
1589,41.48843002319336
1590,46.51046371459961
1591,47.350067138671875
1592,47.05717468261719
1593,39.344261169433594
1594,25.48023796081543
1595,22.305063247680664
1596,14.057011604309082
1597,26.41897201538086
1598,39.00172805786133
1599,32.60135269165039
1600,45.901756286621094
1601,46.15806579589844
1602,45.216182708740234
1603,43.93350601196289
1604,40.12268829345703
1605,38.40100860595703
1606,39.48942947387695
1607,39.579933166503906
1608,33.985618591308594
1609,47.166011810302734
1610,47.642269134521484
1611,47.18796920776367
1612,45.80585861206055
1613,16.570972442626953
1614,16.570709228515625
1615,16.87410545349121
1616,16.029212951660156
1617,31.789812088012695
1618,40.41162109375
1619,48.206302642822266
1620,48.57404327392578
1621,47.620906829833984
1622,48.10857391357422
1623,46.758079528808594
1624,44.76253128051758
1625,27.90955924987793
1626,17.056316375732422
1627,24.005870819091797
1628,22.23615837097168
1629,16.545318603515625
1630,10.004935264587402
1631,48.176025390625
1632,48.42280960083008
1633,47.354522705078125
1634,47.934112548828125
1635,46.46048355102539
1636,44.509273529052734
1637,16.254913330078125
1638,23.781606674194336
1639,22.789663314819336
1640,17.464738845825195
1641,10.61268424987793
1642,21.661418914794922
1643,34.983089447021484
1644,40.812042236328125
1645,47.2496452331543
1646,47.75634765625
1647,46.52385330200195
1648,22.6278018951416
1649,16.591150283813477
1650,17.871479034423828
1651,16.127910614013672
1652,9.417831420898438
1653,19.306507110595703
1654,35.12320327758789
1655,38.14593505859375
1656,48.00294876098633
1657,45.170169830322266
1658,15.965214729309082
1659,23.339576721191406
1660,21.725200653076172
1661,16.57759666442871
1662,16.197586059570312
1663,16.832468032836914
1664,16.144744873046875
1665,37.62061309814453
1666,45.209049224853516
1667,39.95221710205078
1668,25.24100685119629
1669,21.58637237548828
1670,24.68524742126465
1671,18.002208709716797
1672,37.8105354309082
1673,32.576297760009766
1674,35.23412322998047
1675,44.89138412475586
1676,46.4420280456543
1677,46.43817138671875
1678,41.75436019897461
1679,39.88564682006836
1680,43.414031982421875
1681,46.72391128540039
1682,48.19755172729492
1683,47.21012878417969
1684,38.41181564331055
1685,32.34823989868164
1686,34.40890121459961
1687,27.9891357421875
1688,28.009366989135742
1689,27.651920318603516
1690,19.450851440429688
1691,30.575647354125977
1692,42.31853485107422
1693,38.720314025878906
1694,46.92412185668945
1695,46.26396179199219
1696,43.82231903076172
1697,13.320108413696289
1698,19.865467071533203
1699,19.831785202026367
1700,43.08579635620117
1701,45.979129791259766
1702,29.93868637084961
1703,13.29300308227539
1704,15.421075820922852
1705,18.86003303527832
1706,18.2344970703125
1707,11.781542778015137
1708,21.51540756225586
1709,40.006324768066406
1710,43.16743469238281
1711,48.61038589477539
1712,48.17041015625
1713,45.09109115600586
1714,23.12407684326172
1715,19.57317352294922
1716,19.391576766967773
1717,14.69395637512207
1718,45.41632080078125
1719,44.10852813720703
1720,47.34019470214844
1721,46.219173431396484
1722,43.51021194458008
1723,28.294668197631836
1724,22.409103393554688
1725,21.745952606201172
1726,35.61866760253906
1727,42.42721176147461
1728,47.78998947143555
1729,40.8403205871582
1730,23.543638229370117
1731,18.031665802001953
1732,40.73055648803711
1733,48.21002197265625
1734,47.813472747802734
1735,47.59600067138672
1736,43.66758728027344
1737,40.8423957824707
1738,39.616241455078125
1739,41.42180633544922
1740,40.924381256103516
1741,40.305274963378906
1742,34.79254150390625
1743,41.831180572509766
1744,35.84123229980469
1745,42.84994125366211
1746,13.685738563537598
1747,15.90091323852539
1748,21.086599349975586
1749,35.42176818847656
1750,36.53724670410156
1751,48.235923767089844
1752,48.51545715332031
1753,17.013742446899414
1754,23.586992263793945
1755,19.759328842163086
1756,18.663616180419922
1757,36.413841247558594
1758,48.06938552856445
1759,47.330467224121094
1760,48.043983459472656
1761,47.037139892578125
1762,44.60456085205078
1763,16.56254005432129
1764,18.780996322631836
1765,17.959354400634766
1766,21.73374366760254
1767,48.929901123046875
1768,48.28117752075195
1769,47.33994674682617
1770,25.576696395874023
1771,18.879087448120117
1772,13.793675422668457
1773,47.716060638427734
1774,46.92633819580078
1775,47.31452178955078
1776,46.01288604736328
1777,45.52033996582031
1778,12.651728630065918
1779,17.948884963989258
1780,18.93045997619629
1781,16.94540786743164
1782,19.422807693481445
1783,32.91560745239258
1784,41.67356872558594
1785,46.45088195800781
1786,38.61758804321289
1787,26.00725746154785
1788,22.887475967407227
1789,22.948949813842773
1790,21.47723960876465
1791,22.8942928314209
1792,21.362165451049805
1793,19.14997673034668
1794,39.05717849731445
1795,37.335899353027344
1796,35.76772689819336
1797,44.48905563354492
1798,45.40953826904297
1799,43.92003631591797
1800,38.87344741821289
1801,38.1924934387207
1802,41.706787109375
1803,37.50300216674805
1804,37.70417785644531
1805,37.793643951416016
1806,33.80826187133789
1807,39.17826843261719
1808,40.10785675048828
1809,46.15062713623047
1810,46.49970245361328
1811,45.560821533203125
1812,45.08293151855469
1813,42.68741989135742
1814,13.730786323547363
1815,17.40019989013672
1816,18.827192306518555
1817,17.27290153503418
1818,23.907114028930664
1819,36.65970230102539
1820,40.68861770629883
1821,48.524471282958984
1822,47.72195816040039
1823,16.898361206054688
1824,19.00972557067871
1825,24.554691314697266
1826,18.53540802001953
1827,19.796911239624023
1828,20.9409122467041
1829,44.285194396972656
1830,37.87769317626953
1831,47.62281036376953
1832,46.08418655395508
1833,43.66617202758789
1834,29.79035186767578
1835,16.002849578857422
1836,20.370088577270508
1837,20.143375396728516
1838,18.05653190612793
1839,16.724166870117188
1840,17.74378776550293
1841,34.17070770263672
1842,36.427852630615234
1843,43.92333221435547
1844,19.026866912841797
1845,16.60055923461914
1846,17.1243953704834
1847,11.483028411865234
1848,39.647972106933594
1849,47.287288665771484
1850,46.82017517089844
1851,44.42204284667969
1852,21.6549072265625
1853,20.839786529541016
1854,17.73583984375
1855,16.948028564453125
1856,17.382160186767578
1857,31.34071922302246
1858,33.10588073730469
1859,48.67209243774414
1860,47.29743957519531
1861,26.017154693603516
1862,28.500715255737305
1863,21.479446411132812
1864,20.51957130432129
1865,47.70627212524414
1866,47.71931838989258
1867,46.428104400634766
1868,42.969608306884766
1869,42.123714447021484
1870,39.01380920410156
1871,38.48291778564453
1872,42.75193405151367
1873,34.637245178222656
1874,48.13608169555664
1875,47.632537841796875
1876,46.609825134277344
1877,44.048160552978516
1878,21.489988327026367
1879,18.77886962890625
1880,10.426513671875
1881,48.69015884399414
1882,49.15110397338867
1883,48.27275848388672
1884,48.02228546142578
1885,18.027299880981445
1886,23.104366302490234
1887,18.191280364990234
1888,17.5108642578125
1889,17.731901168823242
1890,48.13322448730469
1891,18.17920684814453
1892,25.16948890686035
1893,24.19892692565918
1894,18.494342803955078
1895,12.182426452636719
1896,47.95551681518555
1897,48.39419174194336
1898,18.768657684326172
1899,17.970001220703125
1900,11.994322776794434
1901,21.78329086303711
1902,35.34391403198242
1903,48.332637786865234
1904,44.81593322753906
1905,17.297550201416016
1906,17.854387283325195
1907,16.86021614074707
1908,16.733966827392578
1909,12.572332382202148
1910,20.81184959411621
1911,48.50324630737305
1912,48.32611846923828
1913,28.049015045166016
1914,25.33998680114746
1915,28.450332641601562
1916,18.405000686645508
1917,18.41356658935547
1918,29.944168090820312
1919,41.02511978149414
1920,39.077877044677734
1921,47.38378143310547
1922,41.80009460449219
1923,40.460697174072266
1924,39.24806213378906
1925,38.74440002441406
1926,43.044776916503906
1927,44.61027526855469
1928,43.152809143066406
1929,47.87381362915039
1930,30.02771759033203
1931,15.193082809448242
1932,18.374128341674805
1933,18.101806640625
1934,18.61016082763672
1935,17.855581283569336
1936,44.23686218261719
1937,37.952392578125
1938,41.64019775390625
1939,47.096702575683594
1940,46.50303649902344
1941,44.38257598876953
1942,30.55406951904297
1943,15.167986869812012
1944,25.420372009277344
1945,22.878358840942383
1946,18.040109634399414
1947,19.043054580688477
1948,41.12369155883789
1949,38.76457214355469
1950,48.21560287475586
1951,46.5915412902832
1952,44.36785888671875
1953,29.774660110473633
1954,16.702640533447266
1955,16.93976593017578
1956,17.27661895751953
1957,13.482800483703613
1958,10.868489265441895
1959,37.93373107910156
1960,47.75054168701172
1961,48.101287841796875
1962,47.180213928222656
1963,47.68891525268555
1964,44.27553939819336
1965,24.037750244140625
1966,18.511404037475586
1967,43.630130767822266
1968,42.900779724121094
1969,47.64554977416992
1970,44.19295883178711
1971,15.395014762878418
1972,18.781585693359375
1973,18.682811737060547
1974,17.403268814086914
1975,10.817134857177734
1976,21.256105422973633
1977,43.071800231933594
1978,49.14297103881836
1979,48.214073181152344
1980,48.712158203125
1981,46.30326843261719
1982,41.07402038574219
1983,28.6370849609375
1984,28.78458023071289
1985,21.300691604614258
1986,20.526084899902344
1987,20.29740333557129
1988,38.11051940917969
1989,43.71957778930664
1990,46.23704147338867
1991,47.2455940246582
1992,47.001312255859375
1993,42.829322814941406
1994,40.970157623291016
1995,40.481346130371094
1996,37.99895095825195
1997,38.190155029296875
1998,48.68177795410156
1999,31.70655632019043
2000,19.218347549438477
2001,20.4177188873291
2002,20.086938858032227
2003,14.965251922607422
2004,20.9879093170166
2005,44.03240203857422
2006,43.35989761352539
2007,47.93899154663086
2008,15.297240257263184
2009,17.731971740722656
2010,22.72199058532715
2011,16.46485137939453
2012,10.81169319152832
2013,18.137941360473633
2014,23.686628341674805
2015,20.190326690673828
2016,19.339216232299805
2017,13.750909805297852
2018,34.615291595458984
2019,37.1706428527832
2020,41.45270538330078
2021,46.46128463745117
2022,47.663719177246094
2023,46.796573638916016
2024,22.061870574951172
2025,19.588632583618164
2026,20.398611068725586
2027,18.687345504760742
2028,14.990851402282715
2029,45.544677734375
2030,40.927066802978516
2031,45.244384765625
2032,45.76335144042969
2033,42.796478271484375
2034,19.903553009033203
2035,18.396608352661133
2036,16.274539947509766
2037,17.849260330200195
2038,10.488699913024902
2039,47.54475021362305
2040,46.8527946472168
2041,47.3504638671875
2042,25.823230743408203
2043,26.6341552734375
2044,22.69297981262207
2045,21.775636672973633
2046,40.334659576416016
2047,37.21441650390625
2048,32.3731803894043
2049,42.358253479003906
2050,40.59340286254883
2051,43.58384704589844
2052,36.21090316772461
2053,47.621517181396484
2054,46.94978713989258
2055,44.559173583984375
2056,16.748701095581055
2057,22.266923904418945
2058,19.091028213500977
2059,17.473651885986328
2060,18.572402954101562
2061,12.797622680664062
2062,11.205737113952637
2063,47.094581604003906
2064,47.47377395629883
2065,46.278316497802734
2066,17.289079666137695
2067,21.596921920776367
2068,17.93207550048828
2069,18.303966522216797
2070,11.197796821594238
2071,34.302818298339844
2072,36.86474609375
2073,39.834041595458984
2074,48.30404281616211
2075,29.954967498779297
2076,14.933920860290527
2077,17.806121826171875
2078,16.64357566833496
2079,17.772279739379883
2080,20.295860290527344
2081,34.19900894165039
2082,47.38245391845703
2083,46.402061462402344
2084,44.30952072143555
2085,14.901995658874512
2086,22.983749389648438
2087,17.090702056884766
2088,17.05184555053711
2089,42.36339569091797
2090,40.527748107910156
2091,46.834800720214844
2092,46.529579162597656
2093,47.11868667602539
2094,43.99541473388672
2095,16.911022186279297
2096,20.91666603088379
2097,17.49555206298828
2098,16.6890811920166
2099,18.317514419555664
2100,13.100228309631348
2101,42.185462951660156
2102,47.12936019897461
2103,48.1429328918457
2104,47.56114959716797
2105,46.276641845703125
2106,25.631359100341797
2107,22.058717727661133
2108,22.751150131225586
2109,22.331056594848633
2110,16.7169132232666
2111,17.750497817993164
2112,16.379608154296875
2113,29.827653884887695
2114,46.016910552978516
2115,47.47132873535156
2116,47.32912063598633
2117,43.23440170288086
2118,43.19942855834961
2119,40.50603103637695
2120,40.57162094116211
2121,40.039100646972656
2122,41.676631927490234
2123,42.13779067993164
2124,34.50965118408203
2125,33.28715133666992
2126,47.38579177856445
2127,47.838951110839844
2128,46.096622467041016
2129,45.769622802734375
2130,42.379737854003906
2131,16.284360885620117
2132,21.52351188659668
2133,18.631999969482422
2134,16.428255081176758
2135,16.819581985473633
2136,16.170238494873047
2137,10.57667350769043
2138,47.13725662231445
2139,47.73404312133789
2140,17.286821365356445
2141,16.74806785583496
2142,41.02684783935547
2143,48.23899841308594
2144,47.822113037109375
2145,43.895484924316406
2146,13.937897682189941
2147,21.283723831176758
2148,17.052486419677734
2149,16.40424346923828
2150,22.191280364990234
2151,36.846107482910156
2152,42.21829605102539
2153,47.346073150634766
2154,47.125308990478516
2155,46.516204833984375
2156,14.607840538024902
2157,17.07011604309082
2158,21.310144424438477
2159,16.382312774658203
2160,16.65660858154297
2161,9.921648979187012
2162,32.537818908691406
2163,41.54783630371094
2164,46.6264762878418
2165,29.841753005981445
2166,14.939664840698242
2167,17.02210235595703
2168,23.934829711914062
2169,22.785663604736328
2170,17.92999267578125
2171,17.207365036010742
2172,16.189319610595703
2173,9.645829200744629
2174,40.06496047973633
2175,34.413612365722656
2176,40.79079055786133
2177,47.94139099121094
2178,48.25322723388672
2179,48.5328483581543
2180,18.755096435546875
2181,18.575403213500977
2182,18.77431297302246
2183,19.53278160095215
2184,17.840967178344727
2185,28.48246192932129
2186,38.073787689208984
2187,34.437767028808594
2188,44.8975715637207
2189,45.086055755615234
2190,45.52876663208008
2191,44.65204620361328
2192,44.30046463012695
2193,41.07162857055664
2194,39.067222595214844
2195,41.30025100708008
2196,39.66970443725586
2197,39.03300476074219
2198,36.21561813354492
2199,33.91952896118164
2200,33.62940216064453
2201,38.219688415527344
2202,47.77775955200195
2203,46.26787567138672
2204,45.91572570800781
2205,14.131865501403809
2206,16.92859649658203
2207,11.029361724853516
2208,38.11209487915039
2209,41.920040130615234
2210,45.22578430175781
2211,40.5263786315918
2212,24.214038848876953
2213,17.256874084472656
2214,18.08112335205078
2215,14.971922874450684
2216,8.40843391418457
2217,18.56656265258789
2218,42.64242935180664
2219,46.660526275634766
2220,47.29697799682617
2221,45.9370231628418
2222,45.42119598388672
2223,43.17436599731445
2224,15.197229385375977
2225,17.164817810058594
2226,18.167316436767578
2227,19.011432647705078
2228,13.198125839233398
2229,11.08239459991455
2230,21.594858169555664
2231,42.29271697998047
2232,47.774749755859375
2233,48.29117202758789
2234,47.91354751586914
2235,46.847747802734375
2236,44.320003509521484
2237,15.73010540008545
2238,17.840105056762695
2239,23.589872360229492
2240,14.91705322265625
2241,21.24727439880371
2242,33.645999908447266
2243,47.28118133544922
2244,47.70555114746094
2245,46.97026824951172
2246,47.46349334716797
2247,46.93595504760742
2248,44.51738357543945
2249,30.00885009765625
2250,14.675853729248047
2251,23.640216827392578
2252,21.5421142578125
2253,17.43286895751953
2254,17.13652992248535
2255,17.170303344726562
2256,10.721597671508789
2257,17.18445587158203
2258,33.83406066894531
2259,37.235748291015625
2260,46.62392807006836
2261,47.250694274902344
2262,46.963748931884766
2263,25.252059936523438
2264,17.53562355041504
2265,17.59006690979004
2266,37.48318862915039
2267,46.50605392456055
2268,45.26078796386719
2269,40.76765823364258
2270,42.27225112915039
2271,41.423301696777344
2272,39.748268127441406
2273,39.84242248535156
2274,42.87128829956055
2275,43.627010345458984
2276,36.87763595581055
2277,36.9523811340332
2278,48.08300018310547
2279,47.457550048828125
2280,48.25321578979492
2281,46.973846435546875
2282,25.018054962158203
2283,23.3521728515625
2284,19.052146911621094
2285,17.330713272094727
2286,18.16404151916504
2287,16.718032836914062
2288,10.475479125976562
2289,37.385189056396484
2290,46.51951599121094
2291,24.324392318725586
2292,13.625401496887207
2293,16.402175903320312
2294,20.272018432617188
2295,18.309778213500977
2296,16.30936050415039
2297,44.15971374511719
2298,38.53730773925781
2299,48.139305114746094
2300,47.28231430053711
2301,21.56753921508789
2302,18.135295867919922
2303,15.950309753417969
2304,16.47699737548828
2305,10.532416343688965
2306,8.585469245910645
2307,36.83793640136719
2308,42.21311569213867
2309,48.75411605834961
2310,48.05466842651367
2311,48.511287689208984
2312,47.135108947753906
2313,44.399269104003906
2314,24.67523956298828
2315,48.19160079956055
2316,48.187137603759766
2317,46.912750244140625
2318,23.929258346557617
2319,15.712674140930176
2320,22.325969696044922
2321,21.858814239501953
2322,16.843862533569336
2323,9.418006896972656
2324,17.94538116455078
2325,40.35286331176758
2326,46.806243896484375
2327,47.349815368652344
2328,47.310401916503906
2329,46.92900085449219
2330,45.65608596801758
2331,39.46013259887695
2332,25.194944381713867
2333,23.540912628173828
2334,16.573266983032227
2335,17.26207733154297
2336,15.295421600341797
2337,38.676483154296875
2338,31.385175704956055
2339,36.154022216796875
2340,47.47500991821289
2341,42.41739273071289
2342,41.46644973754883
2343,41.41176223754883
2344,40.58684539794922
2345,43.88059997558594
2346,48.219451904296875
2347,48.58095932006836
2348,14.207439422607422
2349,23.79776954650879
2350,19.37336540222168
2351,15.989823341369629
2352,20.7244873046875
2353,38.84613800048828
2354,48.064579010009766
2355,48.25217056274414
2356,47.473724365234375
2357,44.21907043457031
2358,15.326723098754883
2359,22.174448013305664
2360,18.476213455200195
2361,17.217477798461914
2362,17.796308517456055
2363,11.456798553466797
2364,9.700324058532715
2365,36.13811111450195
2366,47.375003814697266
2367,47.236019134521484
2368,46.15436935424805
2369,43.59252166748047
2370,23.946794509887695
2371,15.932588577270508
2372,33.562171936035156
2373,41.472694396972656
2374,47.53408432006836
2375,46.17440414428711
2376,12.427290916442871
2377,21.72802734375
2378,17.73495864868164
2379,15.435822486877441
2380,8.399503707885742
2381,33.72409439086914
2382,39.724517822265625
2383,48.15570068359375
2384,46.68450927734375
2385,44.14463806152344
2386,12.746766090393066
2387,21.716861724853516
2388,19.192550659179688
2389,33.914485931396484
2390,48.475364685058594
2391,49.540077209472656
2392,48.78585433959961
2393,27.881484985351562
2394,26.33711051940918
2395,20.528284072875977
2396,18.98319435119629
2397,18.32448387145996
2398,47.94953918457031
2399,48.025028228759766
2400,46.895633697509766
2401,45.62502670288086
2402,29.562400817871094
2403,28.901081085205078
2404,30.372880935668945
2405,38.20264434814453
2406,46.27251052856445
2407,44.41551208496094
2408,38.56884002685547
2409,47.70069885253906
2410,46.8758659362793
2411,26.199016571044922
2412,18.613466262817383
2413,23.038341522216797
2414,19.669132232666016
2415,20.622154235839844
2416,14.052047729492188
2417,38.36250686645508
2418,48.476139068603516
2419,46.961036682128906
2420,21.70165252685547
2421,18.663204193115234
2422,48.14751434326172
2423,46.58049774169922
2424,12.441713333129883
2425,15.05385971069336
2426,17.046085357666016
2427,17.280488967895508
2428,15.213400840759277
2429,15.886967658996582
2430,9.593185424804688
2431,7.991754531860352
2432,41.45633316040039
2433,48.3197135925293
2434,46.9742431640625
2435,23.921979904174805
2436,15.581995964050293
2437,22.759544372558594
2438,22.310388565063477
2439,16.269245147705078
2440,15.05194091796875
2441,42.62631607055664
2442,48.05652618408203
2443,47.5348014831543
2444,46.59486389160156
2445,43.9394645690918
2446,15.627839088439941
2447,22.10332679748535
2448,22.38016700744629
2449,15.340636253356934
2450,13.994234085083008
2451,16.47646713256836
2452,48.802433013916016
2453,41.061744689941406
2454,26.954631805419922
2455,25.360729217529297
2456,15.807989120483398
2457,36.56570053100586
2458,31.670063018798828
2459,46.92949295043945
2460,45.5062370300293
2461,40.7772216796875
2462,39.11350631713867
2463,39.2384033203125
2464,36.685543060302734
2465,33.5527458190918
2466,41.828922271728516
2467,40.79290008544922
2468,41.05581283569336
2469,47.5364875793457
2470,48.02668762207031
2471,46.648075103759766
2472,46.48969268798828
2473,24.318134307861328
2474,12.580146789550781
2475,15.70697021484375
2476,20.384939193725586
2477,18.520076751708984
2478,18.286069869995117
2479,10.653949737548828
2480,10.14313793182373
2481,43.763633728027344
2482,42.604000091552734
2483,46.25981140136719
2484,47.1094856262207
2485,46.04499053955078
2486,45.954986572265625
2487,32.76338195800781
2488,35.4844970703125
2489,34.94123458862305
2490,29.682374954223633
2491,30.24904441833496
2492,29.70159912109375
2493,21.941423416137695
2494,39.87436294555664
2495,35.97555923461914
2496,47.75223159790039
2497,46.838069915771484
2498,47.389930725097656
2499,45.90146255493164
2500,43.4288444519043
2501,20.831039428710938
2502,15.130332946777344
2503,15.576835632324219
2504,10.178009986877441
2505,21.53010368347168
2506,41.97616195678711
2507,48.21596145629883
2508,47.94013214111328
2509,46.701698303222656
2510,44.466732025146484
2511,14.140955924987793
2512,23.719970703125
2513,17.945545196533203
2514,15.630537986755371
2515,16.241403579711914
2516,14.484292984008789
2517,31.00080680847168
2518,33.80548858642578
2519,16.250465393066406
2520,23.011953353881836
2521,17.538549423217773
2522,16.52336311340332
2523,11.283221244812012
2524,10.055994987487793
2525,20.41257095336914
2526,32.972042083740234
2527,40.728759765625
2528,48.21866989135742
2529,47.889801025390625
2530,48.650413513183594
2531,22.669851303100586
2532,24.00860595703125
2533,22.56481170654297
2534,20.607574462890625
2535,33.332157135009766
2536,45.02894973754883
2537,46.49519729614258
2538,46.62434387207031
2539,43.01439666748047
2540,39.61079406738281
2541,39.43699645996094
2542,40.01295852661133
2543,43.99037170410156
2544,46.266998291015625
2545,48.16941452026367
2546,48.1414680480957
2547,46.66576385498047
2548,37.03947830200195
2549,29.579736709594727
2550,28.5508975982666
2551,24.942150115966797
2552,20.075332641601562
2553,31.5296573638916
2554,40.9423942565918
2555,42.76272201538086
2556,48.35619354248047
2557,48.81714630126953
2558,47.804752349853516
2559,47.39677810668945
2560,44.700836181640625
2561,25.180952072143555
2562,13.194043159484863
2563,16.153640747070312
2564,22.687259674072266
2565,18.204389572143555
2566,16.306913375854492
2567,39.02353286743164
2568,47.37379837036133
2569,44.807769775390625
2570,16.2442569732666
2571,23.110132217407227
2572,20.594993591308594
2573,16.38665199279785
2574,11.807930946350098
2575,47.75065231323242
2576,25.312923431396484
2577,13.534807205200195
2578,12.457185745239258
2579,45.15203094482422
2580,44.08598709106445
2581,47.69176483154297
2582,46.40684509277344
2583,47.00890350341797
2584,46.74890899658203
2585,44.24746322631836
2586,15.230842590332031
2587,21.78923988342285
2588,19.874902725219727
2589,20.643207550048828
2590,18.46887969970703
2591,42.03313446044922
2592,36.20272445678711
2593,45.25657272338867
2594,46.889854431152344
2595,45.724002838134766
2596,21.489343643188477
2597,22.7396183013916
2598,23.062658309936523
2599,20.95195770263672
2600,20.491100311279297
2601,20.039844512939453
2602,18.60072898864746
2603,38.6602897644043
2604,47.95095443725586
2605,47.69766616821289
2606,46.65761947631836
2607,41.75923156738281
2608,40.605125427246094
2609,42.07871627807617
2610,41.96089553833008
2611,41.08119583129883
2612,38.53825378417969
2613,43.48673629760742
2614,36.60401153564453
2615,44.750030517578125
2616,48.391441345214844
2617,44.46607208251953
2618,24.908946990966797
2619,13.711732864379883
2620,16.59137535095215
2621,23.048511505126953
2622,19.987056732177734
2623,17.717676162719727
2624,18.893465042114258
2625,16.305713653564453
2626,36.28708267211914
2627,48.50348663330078
2628,48.548194885253906
2629,47.127952575683594
2630,25.012510299682617
2631,23.145044326782227
2632,16.50324249267578
2633,17.225351333618164
2634,15.263402938842773
2635,35.327945709228516
2636,43.50255584716797
2637,37.562217712402344
2638,42.05670928955078
2639,47.37347412109375
2640,47.661373138427734
2641,45.75480270385742
2642,23.574954986572266
2643,16.186485290527344
2644,16.68562126159668
2645,14.523390769958496
2646,15.494622230529785
2647,14.323927879333496
2648,8.484081268310547
2649,41.36196517944336
2650,48.13015365600586
2651,47.74635314941406
2652,48.42323303222656
2653,47.33240509033203
2654,25.14733123779297
2655,17.414329528808594
2656,17.82758903503418
2657,15.520007133483887
2658,19.541112899780273
2659,44.68291473388672
2660,38.204036712646484
2661,47.833526611328125
2662,48.29584503173828
2663,47.015377044677734
2664,46.70490264892578
2665,24.9527530670166
2666,13.989337921142578
2667,22.343923568725586
2668,17.712610244750977
2669,18.249250411987305
2670,19.641685485839844
2671,44.614341735839844
2672,38.46828842163086
2673,20.40848159790039
2674,19.93960952758789
2675,19.588760375976562
2676,30.368972778320312
2677,35.349700927734375
2678,36.535152435302734
2679,47.33558654785156
2680,47.40340805053711
2681,46.3713493347168
2682,43.53627014160156
2683,40.44228744506836
2684,40.76015853881836
2685,40.096675872802734
2686,47.419918060302734
2687,46.66530227661133
2688,45.74064636230469
2689,43.42940902709961
2690,24.021217346191406
2691,13.811758995056152
2692,17.80295753479004
2693,10.522163391113281
2694,34.82544708251953
2695,42.47093963623047
2696,40.40797424316406
2697,47.32392883300781
2698,47.27180862426758
2699,45.48444747924805
2700,11.3090238571167
2701,14.654526710510254
2702,14.759870529174805
2703,14.939163208007812
2704,39.57815933227539
2705,43.480533599853516
2706,49.23350143432617
2707,45.13860321044922
2708,33.115928649902344
2709,38.58241271972656
2710,27.608394622802734
2711,28.110939025878906
2712,27.933238983154297
2713,27.270736694335938
2714,22.72100257873535
2715,44.7474250793457
2716,47.112586975097656
2717,46.55508041381836
2718,22.829570770263672
2719,15.590143203735352
2720,19.914180755615234
2721,15.234074592590332
2722,15.975203514099121
2723,15.405742645263672
2724,11.705703735351562
2725,19.1995906829834
2726,34.016727447509766
2727,48.07875442504883
2728,47.979698181152344
2729,44.38938903808594
2730,22.676729202270508
2731,15.786270141601562
2732,11.672395706176758
2733,20.491052627563477
2734,39.734683990478516
2735,48.07390213012695
2736,49.108154296875
2737,48.453094482421875
2738,48.88856887817383
2739,48.35383605957031
2740,41.29591369628906
2741,27.437191009521484
2742,20.432781219482422
2743,19.760534286499023
2744,20.088394165039062
2745,19.928775787353516
2746,19.445119857788086
2747,36.90195083618164
2748,48.07652282714844
2749,47.8394889831543
2750,46.809810638427734
2751,43.23992919921875
2752,41.449764251708984
2753,39.32501983642578
2754,40.25986099243164
2755,37.06546401977539
2756,34.96568298339844
2757,48.73655700683594
2758,47.5808219909668
2759,47.17912673950195
2760,22.382381439208984
2761,15.961810111999512
2762,14.465415954589844
2763,10.05784797668457
2764,19.992368698120117
2765,37.71992492675781
2766,41.74725341796875
2767,48.20008850097656
2768,48.55314636230469
2769,47.50495529174805
2770,44.5484504699707
2771,13.7001371383667
2772,22.11700439453125
2773,20.994150161743164
2774,15.658895492553711
2775,17.473697662353516
2776,33.06193161010742
2777,42.95323181152344
2778,40.603580474853516
2779,48.01444625854492
2780,47.39929962158203
2781,48.07555389404297
2782,46.81056594848633
2783,44.23973846435547
2784,24.19399642944336
2785,13.150135040283203
2786,21.574764251708984
2787,16.760517120361328
2788,13.437379837036133
2789,7.962481498718262
2790,17.869667053222656
2791,33.68476486206055
2792,43.37678909301758
2793,37.40888214111328
2794,41.88235855102539
2795,48.91368103027344
2796,47.02195358276367
2797,16.45319366455078
2798,22.242368698120117
2799,21.903596878051758
2800,17.870588302612305
2801,16.542695999145508
2802,16.93281364440918
2803,15.138700485229492
2804,19.164766311645508
2805,36.67241668701172
2806,48.401214599609375
2807,48.666786193847656
2808,47.7487678527832
2809,24.477869033813477
2810,15.647571563720703
2811,20.550893783569336
2812,15.37643051147461
2813,14.174243927001953
2814,17.649003982543945
2815,43.389888763427734
2816,41.26934051513672
2817,47.329097747802734
2818,23.741910934448242
2819,23.168128967285156
2820,19.232919692993164
2821,19.431203842163086
2822,31.078899383544922
2823,39.11119079589844
2824,36.21049499511719
2825,45.200801849365234
2826,46.92171096801758
2827,47.33127975463867
2828,47.48377227783203
2829,41.53815460205078
2830,36.341922760009766
2831,35.08913803100586
2832,34.503902435302734
2833,34.38870620727539
2834,35.39488983154297
2835,33.77538299560547
2836,36.313575744628906
2837,47.994205474853516
2838,47.15857696533203
2839,13.41083812713623
2840,20.881391525268555
2841,20.309968948364258
2842,18.0355167388916
2843,16.680736541748047
2844,17.623291015625
2845,12.643343925476074
2846,38.23918914794922
2847,43.98822784423828
2848,47.91046142578125
2849,47.14326858520508
2850,48.204978942871094
2851,47.384803771972656
2852,47.16103744506836
2853,44.93538284301758
2854,17.825727462768555
2855,16.844947814941406
2856,45.31380081176758
2857,38.76454544067383
2858,42.869850158691406
2859,48.24345779418945
2860,25.69487190246582
2861,14.000042915344238
2862,15.880162239074707
2863,21.865001678466797
2864,16.198421478271484
2865,9.265790939331055
2866,18.373014450073242
2867,34.497291564941406
2868,43.25658416748047
2869,36.213356018066406
2870,20.849924087524414
2871,18.798219680786133
2872,19.652002334594727
2873,16.366687774658203
2874,12.688708305358887
2875,37.8701057434082
2876,48.20575714111328
2877,48.455501556396484
2878,47.739295959472656
2879,48.30478286743164
2880,25.327890396118164
2881,17.193307876586914
2882,19.407142639160156
2883,19.69245719909668
2884,17.410160064697266
2885,15.452913284301758
2886,11.30742073059082
2887,44.634037017822266
2888,42.1915397644043
2889,47.92197799682617
2890,47.304447174072266
2891,46.05280685424805
2892,38.771175384521484
2893,21.403961181640625
2894,21.48398780822754
2895,15.858086585998535
2896,15.262227058410645
2897,16.15139389038086
2898,26.655729293823242
2899,38.919559478759766
2900,36.813804626464844
2901,47.79031753540039
2902,47.76625442504883
2903,40.913307189941406
2904,41.38797378540039
2905,41.658241271972656
2906,42.51523208618164
2907,42.19282531738281
2908,42.45118713378906
2909,39.1823616027832
2910,37.89201736450195
2911,47.270931243896484
2912,46.99824523925781
2913,24.963850021362305
2914,13.830238342285156
2915,24.4548282623291
2916,21.736719131469727
2917,21.319364547729492
2918,38.23808670043945
2919,43.12215805053711
2920,47.59664535522461
2921,48.32489013671875
2922,47.13547134399414
2923,22.069690704345703
2924,20.242374420166016
2925,20.9201602935791
2926,15.627099990844727
2927,10.896024703979492
2928,9.1456880569458
2929,39.13167190551758
2930,48.058956146240234
2931,47.38129425048828
2932,13.960219383239746
2933,16.70787239074707
2934,19.573108673095703
2935,20.134071350097656
2936,17.868698120117188
2937,9.96188735961914
2938,44.965232849121094
2939,38.57557678222656
2940,47.922149658203125
2941,46.15624237060547
2942,45.78395462036133
2943,15.637770652770996
2944,22.830171585083008
2945,22.094711303710938
2946,11.062121391296387
2947,20.774221420288086
2948,44.884239196777344
2949,39.205810546875
2950,43.237884521484375
2951,48.3070068359375
2952,45.0976448059082
2953,25.41583251953125
2954,17.186243057250977
2955,23.576196670532227
2956,18.46644401550293
2957,16.397233963012695
2958,17.52846908569336
2959,19.963647842407227
2960,44.982025146484375
2961,42.662437438964844
2962,47.25578689575195
2963,48.21026611328125
2964,40.70426940917969
2965,26.606590270996094
2966,23.095748901367188
2967,25.721040725708008
2968,24.692331314086914
2969,21.116743087768555
2970,20.247859954833984
2971,29.062095642089844
2972,45.51969528198242
2973,48.00144577026367
2974,47.63589859008789
2975,42.92820358276367
2976,38.15676498413086
2977,36.13972473144531
2978,42.371604919433594
2979,23.817134857177734
2980,19.151779174804688
2981,17.275972366333008
2982,17.66840362548828
2983,11.487676620483398
2984,9.196868896484375
2985,42.347293853759766
2986,48.116641998291016
2987,47.65549087524414
2988,47.09864807128906
2989,44.399105072021484
2990,13.976985931396484
2991,16.686491012573242
2992,23.318754196166992
2993,22.597944259643555
2994,18.11174774169922
2995,10.657017707824707
2996,19.31739616394043
2997,44.82862091064453
2998,42.27562713623047
2999,48.441246032714844
3000,47.655548095703125
3001,46.788028717041016
3002,23.599714279174805
3003,17.3057918548584
3004,14.907944679260254
3005,9.868402481079102
3006,37.849021911621094
3007,41.16450881958008
3008,46.55771255493164
3009,44.180503845214844
3010,17.548402786254883
3011,17.76731300354004
3012,20.521133422851562
3013,36.23310852050781
3014,44.6163444519043
3015,38.230133056640625
3016,48.10987091064453
3017,24.90389060974121
3018,23.709877014160156
3019,17.83881950378418
3020,15.52752685546875
3021,10.081653594970703
3022,20.216955184936523
3023,38.310611724853516
3024,47.67533493041992
3025,38.89921569824219
3026,19.44626235961914
3027,18.374210357666016
3028,18.94837760925293
3029,20.04428482055664
3030,19.819129943847656
3031,36.240596771240234
3032,45.47168731689453
3033,47.71550750732422
3034,47.68624496459961
3035,47.876224517822266
3036,43.634422302246094
3037,40.295013427734375
3038,40.33219909667969
3039,40.407310485839844
3040,40.074241638183594
3041,39.77290725708008
3042,34.77934646606445
3043,43.29960250854492
3044,43.93081283569336
3045,43.11024856567383
3046,47.941993713378906
3047,48.556007385253906
3048,44.07737350463867
3049,13.480524063110352
3050,23.41864776611328
3051,17.74012565612793
3052,17.93486213684082
3053,16.325687408447266
3054,15.292877197265625
3055,11.226344108581543
3056,45.65532684326172
3057,48.110008239746094
3058,48.61684036254883
3059,47.695953369140625
3060,48.325523376464844
3061,16.719614028930664
3062,22.748510360717773
3063,17.87234115600586
3064,16.29918098449707
3065,17.111103057861328
3066,15.484343528747559
3067,10.318474769592285
3068,45.13203048706055
3069,38.29202651977539
3070,48.418296813964844
3071,48.14687728881836
3072,46.945831298828125
3073,46.71767044067383
3074,24.36309814453125
3075,21.60686683654785
3076,20.97005271911621
3077,17.204795837402344
3078,17.563709259033203
3079,15.866445541381836
3080,8.996766090393066
3081,33.24235916137695
3082,42.9027214050293
3083,40.559532165527344
3084,48.40134811401367
3085,47.621150970458984
3086,47.18666458129883
3087,24.818941116333008
3088,16.498661041259766
3089,22.574228286743164
3090,22.009946823120117
3091,15.512056350708008
3092,16.14821434020996
3093,13.643940925598145
3094,35.56081008911133
3095,37.48842239379883
3096,48.57215118408203
3097,47.01649475097656
3098,25.402978897094727
3099,22.013769149780273
3100,21.6721248626709
3101,16.806102752685547
3102,17.52131462097168
3103,16.085853576660156
3104,10.540258407592773
3105,37.031715393066406
3106,43.27205276489258
3107,47.817718505859375
3108,47.71891403198242
3109,46.60233688354492
3110,22.05617904663086
3111,19.27688217163086
3112,18.642459869384766
3113,18.00465202331543
3114,30.396438598632812
3115,35.77654266357422
3116,46.507362365722656
3117,46.56172561645508
3118,43.15814208984375
3119,42.091270446777344
3120,40.89163589477539
3121,40.243072509765625
3122,39.198822021484375
3123,39.26935577392578
3124,37.78816223144531
3125,33.43961715698242
3126,37.00444412231445
3127,35.849979400634766
3128,43.28439712524414
3129,48.02610778808594
3130,48.77289962768555
3131,47.83211898803711
3132,46.031044006347656
3133,24.78888702392578
3134,14.900003433227539
3135,17.709501266479492
3136,21.071138381958008
3137,21.267911911010742
3138,14.834395408630371
3139,8.964977264404297
3140,47.7818717956543
3141,19.746994018554688
3142,16.481775283813477
3143,14.712346076965332
3144,10.259827613830566
3145,8.907228469848633
3146,47.20716094970703
3147,47.49485397338867
3148,45.988250732421875
3149,43.3109245300293
3150,13.745442390441895
3151,9.538180351257324
3152,34.58040237426758
3153,43.45273971557617
3154,48.37720489501953
3155,46.91923522949219
3156,14.355292320251465
3157,20.38941764831543
3158,17.738327026367188
3159,16.233644485473633
3160,13.60434627532959
3161,48.055030822753906
3162,44.515052795410156
3163,25.33547592163086
3164,13.316766738891602
3165,20.417877197265625
3166,17.369808197021484
3167,17.997758865356445
3168,16.012041091918945
3169,8.970739364624023
3170,19.06951141357422
3171,37.97718048095703
3172,48.027244567871094
3173,48.7904052734375
3174,48.6890754699707
3175,24.65052604675293
3176,21.177160263061523
3177,20.521635055541992
3178,19.98056983947754
3179,19.011444091796875
3180,19.117313385009766
3181,18.888507843017578
3182,17.6352481842041
3183,40.3368034362793
3184,33.178279876708984
3185,34.11168670654297
3186,45.48203659057617
3187,47.78649139404297
3188,47.639827728271484
3189,47.478084564208984
3190,46.355865478515625
3191,42.13121032714844
3192,39.928409576416016
3193,41.707801818847656
3194,41.70481872558594
3195,38.956539154052734
3196,41.578887939453125
3197,48.213619232177734
3198,48.675132751464844
3199,47.57956314086914
3200,48.32526397705078
3201,44.270652770996094
3202,24.9266300201416
3203,12.595345497131348
3204,15.689766883850098
3205,11.839832305908203
3206,10.38425350189209
3207,36.58489990234375
3208,44.13194274902344
3209,37.05686569213867
3210,48.28358840942383
3211,47.2392578125
3212,48.015960693359375
3213,46.58180618286133
3214,43.97032928466797
3215,14.531747817993164
3216,20.174896240234375
3217,15.074180603027344
3218,37.066349029541016
3219,37.86292266845703
3220,40.5820198059082
3221,48.5462646484375
3222,47.54939651489258
3223,48.293880462646484
3224,23.29524803161621
3225,23.102636337280273
3226,19.976640701293945
3227,11.322991371154785
3228,37.58770751953125
3229,37.68696594238281
3230,39.42082214355469
3231,48.46739959716797
3232,47.48604202270508
3233,48.14835739135742
3234,46.59141540527344
3235,22.209674835205078
3236,18.54556655883789
3237,16.5621395111084
3238,17.539030075073242
3239,8.89764404296875
3240,19.502792358398438
3241,43.90974426269531
3242,48.0925407409668
3243,47.53730010986328
3244,25.008586883544922
3245,14.216904640197754
3246,16.405609130859375
3247,22.564998626708984
3248,22.450864791870117
3249,17.537260055541992
3250,15.380337715148926
3251,16.404376983642578
3252,19.343107223510742
3253,37.115257263183594
3254,37.436676025390625
3255,39.60343551635742
3256,48.099544525146484
3257,48.249786376953125
3258,25.134719848632812
3259,25.161436080932617
3260,17.086868286132812
3261,18.454097747802734
3262,40.963890075683594
3263,38.92197799682617
3264,34.089805603027344
3265,45.209808349609375
3266,47.27622985839844
3267,41.180606842041016
3268,41.0886116027832
3269,40.40340042114258
3270,39.23994064331055
3271,37.35112380981445
3272,40.28379440307617
3273,48.2741813659668
3274,46.968048095703125
3275,18.000133514404297
3276,24.849822998046875
3277,17.659080505371094
3278,11.229572296142578
3279,21.39922523498535
3280,36.168399810791016
3281,48.00395584106445
3282,48.56705856323242
3283,47.1481819152832
3284,27.010936737060547
3285,23.54943084716797
3286,17.367950439453125
3287,17.691015243530273
3288,15.452199935913086
3289,16.46196937561035
3290,10.979901313781738
3291,10.058272361755371
3292,38.00629425048828
3293,44.58537673950195
3294,36.910118103027344
3295,40.40874481201172
3296,47.34544372558594
3297,47.879329681396484
3298,44.21649169921875
3299,24.760637283325195
3300,18.013486862182617
3301,14.286968231201172
3302,48.43229293823242
3303,47.46244430541992
3304,47.98126983642578
3305,47.119384765625
3306,27.751102447509766
3307,16.271751403808594
3308,18.22747039794922
3309,18.2154483795166
3310,16.286483764648438
3311,11.022285461425781
3312,21.030179977416992
3313,35.09136962890625
3314,47.78952407836914
3315,48.418949127197266
3316,46.61150360107422
3317,44.178531646728516
3318,26.69709014892578
3319,15.03307056427002
3320,17.35613441467285
3321,24.60747718811035
3322,23.127431869506836
3323,16.622835159301758
3324,16.451250076293945
3325,13.68761157989502
3326,8.775141716003418
3327,21.2481689453125
3328,36.336978912353516
3329,42.301361083984375
3330,48.2940559387207
3331,47.84750747680664
3332,24.491060256958008
3333,25.02402687072754
3334,45.684513092041016
3335,47.736610412597656
3336,47.3040885925293
3337,47.04399871826172
3338,44.45271301269531
3339,41.40903854370117
3340,41.57670593261719
3341,40.86014938354492
3342,39.32341003417969
3343,42.79578399658203
3344,34.60564041137695
3345,41.69902038574219
3346,47.5893669128418
3347,48.19166564941406
3348,46.680381774902344
3349,44.167572021484375
3350,26.092540740966797
3351,14.346765518188477
3352,16.63235092163086
3353,14.025239944458008
3354,10.124969482421875
3355,19.45462417602539
3356,36.00172424316406
3357,43.64222717285156
3358,48.26455307006836
3359,48.81441116333008
3360,26.678661346435547
3361,22.721965789794922
3362,22.31160545349121
3363,15.474878311157227
3364,10.927322387695312
3365,20.91984748840332
3366,40.167564392089844
3367,47.56089782714844
3368,44.69713592529297
3369,26.073514938354492
3370,15.105061531066895
3371,37.3626594543457
3372,37.3072509765625
3373,48.17482376098633
3374,48.774681091308594
3375,47.740882873535156
3376,47.21761703491211
3377,25.685823440551758
3378,13.637579917907715
3379,15.804595947265625
3380,20.408105850219727
3381,15.894352912902832
3382,16.364465713500977
3383,14.784221649169922
3384,8.897826194763184
3385,20.202110290527344
3386,35.07215118408203
3387,47.338035583496094
3388,25.979019165039062
3389,22.7086124420166
3390,10.54915714263916
3391,19.366954803466797
3392,37.46247100830078
3393,48.18888854980469
3394,49.247276306152344
3395,48.97203826904297
3396,47.412967681884766
3397,22.059803009033203
3398,22.605287551879883
3399,18.306013107299805
3400,17.274410247802734
3401,17.483007431030273
3402,17.98155975341797
3403,17.826974868774414
3404,30.029077529907227
3405,44.958473205566406
3406,47.091793060302734
3407,47.46562576293945
3408,46.953182220458984
3409,45.78266143798828
3410,43.88006591796875
3411,41.715171813964844
3412,41.14237976074219
3413,40.421409606933594
3414,33.81404113769531
3415,47.80823516845703
3416,45.58763122558594
3417,18.850513458251953
3418,23.938968658447266
3419,18.055274963378906
3420,15.80532455444336
3421,12.059427261352539
3422,11.357892036437988
3423,39.9131965637207
3424,49.01744842529297
3425,49.16782760620117
3426,48.00535583496094
3427,45.0207405090332
3428,31.59964370727539
3429,32.92998504638672
3430,32.57569122314453
3431,26.27411460876465
3432,26.07093620300293
3433,21.002058029174805
3434,18.704118728637695
3435,31.028776168823242
3436,42.52691650390625
3437,47.10796356201172
3438,49.0468635559082
3439,48.0280647277832
3440,47.63900375366211
3441,33.11147689819336
3442,26.712684631347656
3443,25.712779998779297
3444,21.797353744506836
3445,21.128673553466797
3446,32.77526092529297
3447,41.471920013427734
3448,49.04172134399414
3449,47.824493408203125
3450,48.395591735839844
3451,47.6674919128418
3452,45.5126953125
3453,30.755468368530273
3454,23.53234100341797
3455,19.023990631103516
3456,17.80014419555664
3457,16.218448638916016
3458,11.535573959350586
3459,45.67086410522461
3460,48.9287223815918
3461,48.494083404541016
3462,48.69282150268555
3463,48.40106964111328
3464,18.525894165039062
3465,19.052528381347656
3466,19.040979385375977
3467,17.5822811126709
3468,12.151692390441895
3469,38.16212844848633
3470,48.643714904785156
3471,46.38050079345703
3472,32.12276077270508
3473,24.310415267944336
3474,22.53337287902832
3475,22.472686767578125
3476,31.867841720581055
3477,39.54221725463867
3478,33.58243179321289
3479,44.930458068847656
3480,46.541893005371094
3481,46.5068359375
3482,46.6290397644043
3483,46.48493957519531
3484,45.8133544921875
3485,47.999366760253906
3486,43.10722351074219
3487,42.293087005615234
3488,40.511966705322266
3489,38.374210357666016
3490,32.96584701538086
3491,44.2562255859375
3492,43.46710205078125
3493,48.024715423583984
3494,48.015567779541016
3495,46.339439392089844
3496,27.95020866394043
3497,20.699247360229492
3498,18.522451400756836
3499,13.200632095336914
3500,22.798006057739258
3501,45.16349411010742
3502,35.27387237548828
3503,39.95970916748047
